{
  "random_state": [
    91,
    29,
    10,
    6,
    71,
    81,
    36,
    81,
    68,
    69,
    23,
    17,
    54,
    31,
    76,
    80,
    2,
    33,
    23,
    2
  ],
  "Gaussian": [
    0.8610619306564331,
    0.8626620769500732,
    0.857455313205719,
    0.8552793264389038,
    0.8402838706970215,
    0.8501788377761841,
    0.8404874801635742,
    0.8640360832214355,
    0.847159206867218,
    0.861985445022583,
    0.8515967726707458,
    0.8361063599586487,
    0.8656705021858215,
    0.8446807861328125,
    0.8454322814941406,
    0.8634902238845825,
    0.8423394560813904,
    0.8675594925880432,
    0.8513522744178772,
    0.8385406136512756
  ],
  "Soft Label": [
    0.8597400188446045,
    0.8654780983924866,
    0.8577412366867065,
    0.8617345690727234,
    0.8522924780845642,
    0.8563849925994873,
    0.85819411277771,
    0.868939995765686,
    0.8489551544189453,
    0.8700423240661621,
    0.8530977368354797,
    0.8492081165313721,
    0.8661636114120483,
    0.8441035151481628,
    0.8464780449867249,
    0.8641407489776611,
    0.8593639731407166,
    0.8721660375595093,
    0.8546549677848816,
    0.8391339182853699
  ],

    "Hard Label": [
    0.8669872283935547,
    0.8574345111846924,
    0.8486286997795105,
    0.8681214451789856,
    0.8544071316719055,
    0.8557933568954468,
    0.8536595106124878,
    0.8637014031410217,
    0.8429542183876038,
    0.8704820871353149,
    0.8498091101646423,
    0.8476544618606567,
    0.8663895726203918,
    0.8436076045036316,
    0.8425973057746887,
    0.8621633648872375,
    0.8580882549285889,
    0.880605161190033,
    0.8543076515197754,
    0.8497467637062073
  ]
}