{
  "R2_Linear": [
    0.8824127912521362,
    0.8637662529945374,
    0.815843403339386,
    0.8584238886833191,
    0.8746959567070007,
    0.8649951815605164,
    0.859913170337677,
    0.8611056208610535,
    0.8799377083778381,
    0.8580874800682068,
    0.8497869968414307,
    0.8562333583831787,
    0.8446837663650513,
    0.8527977466583252,
    0.8668056726455688,
    0.8523651957511902,
    0.8704087138175964,
    0.8573004007339478,
    0.8443038463592529,
    0.8574541807174683
  ],
  "R2_Sigmoid": [
    0.8533850908279419,
    0.8642734289169312,
    0.8421903252601624,
    0.8713480830192566,
    0.848574161529541,
    0.8358373641967773,
    0.8615766167640686,
    0.8645644187927246,
    0.8463314771652222,
    0.8502131104469299,
    0.8166046142578125,
    0.8696102499961853,
    0.8620854616165161,
    0.8530072569847107,
    0.8484259843826294,
    0.871566653251648,
    0.8450648784637451,
    0.8479153513908386,
    0.8247095942497253,
    0.8456322550773621
  ],
  "R2_Cylical": [
    0.8410053253173828,
    0.8684597611427307,
    0.8203821778297424,
    0.8617603778839111,
    0.8537694811820984,
    0.8439545035362244,
    0.8302538394927979,
    0.8391022682189941,
    0.8693723678588867,
    0.8608535528182983,
    0.8645068407058716,
    0.8610430955886841,
    0.8631970286369324,
    0.8411450386047363,
    0.8219773173332214,
    0.8455280065536499,
    0.8411428332328796,
    0.8639830350875854,
    0.8626512885093689,
    0.8542724847793579
  ]
}