{
  "random_state": [
    87,
    55,
    20,
    17,
    44,
    52,
    64,
    78,
    11,
    77,
    58,
    15,
    93,
    95,
    26,
    88,
    56,
    43,
    15,
    25
  ],
  "R2_BINARY": [
    0.8321542143821716,
    0.783018171787262,
    0.806877076625824,
    0.828285813331604,
    0.8212462663650513,
    0.8191701769828796,
    0.8409782648086548,
    0.8093849420547485,
    0.7903822660446167,
    0.8261985182762146,
    0.8138401508331299,
    0.8250980377197266,
    0.8234641551971436,
    0.8138149380683899,
    0.835482656955719,
    0.7889387607574463,
    0.8022723197937012,
    0.8109591603279114,
    0.8152819871902466,
    0.8207348585128784
  ],
  "R2_BCE_MSE": [
    0.8306065797805786,
    0.7847067713737488,
    0.8068550229072571,
    0.8272697925567627,
    0.8257077932357788,
    0.8203830122947693,
    0.8367613554000854,
    0.8157349824905396,
    0.7922286987304688,
    0.831308901309967,
    0.826795220375061,
    0.8280981779098511,
    0.8294209241867065,
    0.8166632056236267,
    0.8334400653839111,
    0.7846097350120544,
    0.8145370483398438,
    0.8118690252304077,
    0.8213224411010742,
    0.8228061199188232
  ],
  "R2_MSE": [
    0.8235577940940857,
    0.8074480295181274,
    0.8061439394950867,
    0.8263904452323914,
    0.8128486275672913,
    0.8223069310188293,
    0.8155388832092285,
    0.8069209456443787,
    0.7970519065856934,
    0.8257076144218445,
    0.8271411657333374,
    0.826508104801178,
    0.8305907845497131,
    0.8067991137504578,
    0.8300096988677979,
    0.7988237738609314,
    0.810123085975647,
    0.8178061246871948,
    0.8204982280731201,
    0.8261476755142212
  ]
}