{
  "R2_Constant": [
    0.8349559307098389,
    0.8349133133888245,
    0.8492742776870728,
    0.8291462659835815,
    0.8433253169059753,
    0.8467705845832825,
    0.8509938716888428,
    0.8290531039237976,
    0.8216943144798279,
    0.8537966012954712,
    0.8573998212814331,
    0.8421670794487,
    0.8242644667625427,
    0.8413505554199219,
    0.8531797528266907,
    0.8364802002906799,
    0.8154056072235107,
    0.8423385620117188,
    0.8408088684082031,
    0.8419792652130127
  ],
  "R2_Sigmoid": [
    0.8458860516548157,
    0.8380476236343384,
    0.849566638469696,
    0.8168515563011169,
    0.8349951505661011,
    0.8506244421005249,
    0.8356446623802185,
    0.8363120555877686,
    0.8282391428947449,
    0.8381730318069458,
    0.8426828384399414,
    0.8540390729904175,
    0.8343344926834106,
    0.8298853635787964,
    0.8402289152145386,
    0.8509234189987183,
    0.8253201246261597,
    0.8311042785644531,
    0.8359465599060059,
    0.8370389938354492
  ],
  "R2_Linear": [
    0.8497708439826965,
    0.82273268699646,
    0.8443688154220581,
    0.8109278678894043,
    0.8247314691543579,
    0.8530877232551575,
    0.855764627456665,
    0.837462842464447,
    0.8096691370010376,
    0.8434701561927795,
    0.8545684218406677,
    0.8459210395812988,
    0.829538881778717,
    0.8374735116958618,
    0.8446351289749146,
    0.8451219797134399,
    0.8376877307891846,
    0.8469027876853943,
    0.8215639591217041,
    0.8332949280738831
  ],
  "R2_Cyclical": [
    0.8345934152603149,
    0.8328957557678223,
    0.8527387976646423,
    0.8168344497680664,
    0.8332005739212036,
    0.8448678255081177,
    0.8547000885009766,
    0.8282630443572998,
    0.8151941299438477,
    0.8398707509040833,
    0.8436896800994873,
    0.8538126945495605,
    0.8152927160263062,
    0.8312003016471863,
    0.8554481863975525,
    0.8623233437538147,
    0.8276785612106323,
    0.8356472253799438,
    0.8344152569770813,
    0.8250268697738647
  ]
}