{
  "R2_Linear": [
    0.8931996822357178,
    0.8223563432693481,
    0.8787039518356323,
    0.8629613518714905,
    0.8685779571533203,
    0.8680890202522278,
    0.8739732503890991,
    0.8704104423522949,
    0.8331722617149353,
    0.8934816718101501,
    0.8920084834098816,
    0.8854402899742126,
    0.8806210160255432,
    0.8918870091438293,
    0.8449366092681885,
    0.8732305765151978,
    0.8871321082115173,
    0.881058394908905,
    0.8698582649230957,
    0.8516129851341248
  ],
    "R2_Sigmoid": [
    0.8934621214866638,
    0.8669933080673218,
    0.8569697141647339,
    0.8803905844688416,
    0.8881161212921143,
    0.8765650391578674,
    0.8759729862213135,
    0.8590980768203735,
    0.8713343739509583,
    0.8700505495071411,
    0.8747435212135315,
    0.8800483345985413,
    0.8556961417198181,
    0.8790801167488098,
    0.8855835199356079,
    0.892036497592926,
    0.8631580471992493,
    0.8969643115997314,
    0.8733566999435425,
    0.8885033130645752
  ],
    "R2_Cyclical": [
    0.8875381350517273,
    0.8773500919342041,
    0.8761410117149353,
    0.8791400194168091,
    0.8684240579605103,
    0.8685198426246643,
    0.880735456943512,
    0.8752168416976929,
    0.8976945877075195,
    0.884093701839447,
    0.8968554139137268,
    0.8642473220825195,
    0.8839269876480103,
    0.8616885542869568,
    0.8870272040367126,
    0.8819212913513184,
    0.887029767036438,
    0.859515905380249,
    0.8921435475349426,
    0.8516904711723328
  ]

}