{
  "R2_Space_Time": [
    0.8835112452507019,
    0.8571575284004211,
    0.8583880066871643,
    0.8406747579574585,
    0.8714826107025146,
    0.8367854356765747,
    0.8540396690368652,
    0.8411800861358643,
    0.8826918005943298,
    0.8299152255058289,
    0.8182573318481445,
    0.8416306972503662,
    0.8338052034378052,
    0.8432371616363525,
    0.8450258374214172,
    0.8655984401702881,
    0.8392977714538574,
    0.8378586769104004,
    0.8693475723266602,
    0.869914174079895
  ],
  "R2_Except_Space_Time": [
    0.8770983815193176,
    0.8265364170074463,
    0.8646383881568909,
    0.8265217542648315,
    0.8650753498077393,
    0.8706337809562683,
    0.8775233626365662,
    0.8728698492050171,
    0.8669337630271912,
    0.8394191265106201,
    0.840523898601532,
    0.8268080949783325,
    0.8402453064918518,
    0.8315763473510742,
    0.8682308793067932,
    0.8670459985733032,
    0.87058424949646,
    0.8570583462715149,
    0.8844121098518372,
    0.8531497120857239
  ]
}