{
  "R2_Constant": [
    0.8858858942985535,
    0.8777264952659607,
    0.8779603242874146,
    0.823521614074707,
    0.8619377613067627,
    0.8942922353744507,
    0.852197527885437,
    0.8831508159637451,
    0.8849884271621704,
    0.8646837472915649,
    0.8765484094619751,
    0.8662288188934326,
    0.8658115267753601,
    0.8630235195159912,
    0.8719947934150696,
    0.8745130300521851,
    0.8633706569671631,
    0.8894618153572083,
    0.8647891283035278,
    0.8827452659606934
  ],
  "R2_Sigmoid": [
    0.8401627540588379,
    0.8599854111671448,
    0.8513968586921692,
    0.8156450986862183,
    0.8157837390899658,
    0.8619478344917297,
    0.8251680135726929,
    0.8355794548988342,
    0.8423726558685303,
    0.8284471035003662,
    0.841443657875061,
    0.8273264169692993,
    0.8132858276367188,
    0.8231878280639648,
    0.8240906000137329,
    0.853181779384613,
    0.8350337147712708,
    0.8578343987464905,
    0.8261865377426147,
    0.8492295742034912
  ],
  "R2_Linear": [
    0.8845810890197754,
    0.889625608921051,
    0.8701003193855286,
    0.8497164249420166,
    0.8562535047531128,
    0.8872345089912415,
    0.8559995293617249,
    0.8675500750541687,
    0.8890371918678284,
    0.8622000217437744,
    0.868391215801239,
    0.8903946280479431,
    0.8701601028442383,
    0.869739830493927,
    0.8793618083000183,
    0.873355507850647,
    0.866117537021637,
    0.8742896914482117,
    0.8505401611328125,
    0.8819468021392822
  ],
  "R2_Cyclical": [
    0.8806836009025574,
    0.8849589824676514,
    0.8776441812515259,
    0.856838583946228,
    0.8384473323822021,
    0.8893750309944153,
    0.862085223197937,
    0.8807200193405151,
    0.885366678237915,
    0.8627387285232544,
    0.861243486404419,
    0.8909135460853577,
    0.8781843185424805,
    0.8702065944671631,
    0.8776606321334839,
    0.8853752017021179,
    0.803449273109436,
    0.8857236504554749,
    0.865759551525116,
    0.890388548374176
  ]
}