{
  "R2_Space_Time": [
    0.8228902816772461,
    0.8512674570083618,
    0.87871915102005,
    0.8787940144538879,
    0.8716015815734863,
    0.8488590717315674,
    0.8573699593544006,
    0.8548180460929871,
    0.844141960144043,
    0.8743353486061096,
    0.8640167713165283,
    0.8517864942550659,
    0.8411633968353271,
    0.8645181059837341,
    0.8591797351837158,
    0.870307445526123,
    0.853174090385437,
    0.8590410947799683,
    0.8498244285583496,
    0.8735121488571167
  ],
  "R2_Except_Space_Time": [
    0.8665293455123901,
    0.8692870140075684,
    0.8523153066635132,
    0.8563023805618286,
    0.8497408032417297,
    0.8415609002113342,
    0.8507623672485352,
    0.8661137819290161,
    0.8508788347244263,
    0.8538438081741333,
    0.8443598747253418,
    0.8784668445587158,
    0.8382819294929504,
    0.8761848211288452,
    0.8510808944702148,
    0.8501304388046265,
    0.8678612112998962,
    0.8687154054641724,
    0.8637075424194336,
    0.8797156810760498
  ]
}