{
  "random_state": [
    5,
    49,
    96,
    87,
    91,
    68,
    8,
    66,
    81,
    68,
    37,
    96,
    93,
    46,
    82,
    49,
    41,
    67,
    8,
    69
  ],
  "R2_BINARY": [
    0.8406897187232971,
    0.8403629064559937,
    0.8357161283493042,
    0.8647364377975464,
    0.8656345009803772,
    0.8619654774665833,
    0.8685071468353271,
    0.8326581716537476,
    0.821384072303772,
    0.8700435161590576,
    0.8714302778244019,
    0.8188835382461548,
    0.8745952844619751,
    0.8698849081993103,
    0.882962167263031,
    0.8553788661956787,
    0.8725497722625732,
    0.8492580652236938,
    0.8781386613845825,
    0.8745918869972229
  ],
  "R2_BRIER_SCORE": [
    0.8432126641273499,
    0.8389286398887634,
    0.8299853205680847,
    0.8631390333175659,
    0.8755531311035156,
    0.8636702299118042,
    0.8725487589836121,
    0.836424708366394,
    0.8271145820617676,
    0.8670526146888733,
    0.8622581958770752,
    0.8253498673439026,
    0.8711405992507935,
    0.867378830909729,
    0.8811620473861694,
    0.8497371673583984,
    0.8720704317092896,
    0.8591567277908325,
    0.8775100111961365,
    0.8775947690010071
  ],
  "R2_MSE": [
    0.8702338337898254,
    0.8507803678512573,
    0.8342646360397339,
    0.8547451496124268,
    0.8742738366127014,
    0.864717960357666,
    0.8682448863983154,
    0.8489295244216919,
    0.838944137096405,
    0.8634351491928101,
    0.8663564920425415,
    0.8361312747001648,
    0.87116539478302,
    0.8835073709487915,
    0.8776322603225708,
    0.8541779518127441,
    0.8722401261329651,
    0.862822413444519,
    0.8738895058631897,
    0.8749107122421265
  ]
}