{
  "random_state": [
    85,
    49,
    28,
    93,
    90,
    86,
    70,
    72,
    89,
    19,
    18,
    40,
    23,
    61,
    9,
    73,
    40,
    50,
    78,
    25
  ],
  "R2_BINARY": [
    0.8433481454849243,
    0.8234054446220398,
    0.8474465012550354,
    0.8609579801559448,
    0.8411493301391602,
    0.8594743609428406,
    0.8488373160362244,
    0.8455331325531006,
    0.8285712003707886,
    0.8384361863136292,
    0.8303447365760803,
    0.8225789070129395,
    0.8418395519256592,
    0.7943142056465149,
    0.8382793068885803,
    0.8233133554458618,
    0.8463199138641357,
    0.8370833396911621,
    0.8330367803573608,
    0.8009196519851685
  ],
  "R2_BCE_MSE": [
    0.8461302518844604,
    0.8270664811134338,
    0.8437251448631287,
    0.8608419895172119,
    0.846228837966919,
    0.849212110042572,
    0.848983645439148,
    0.842136025428772,
    0.8326179385185242,
    0.8358794450759888,
    0.8312012553215027,
    0.8231315016746521,
    0.8490883708000183,
    0.7972626090049744,
    0.8418947458267212,
    0.8238825798034668,
    0.843323826789856,
    0.8386873006820679,
    0.8348485231399536,
    0.7932348251342773
  ],
  "R2_MSE": [
    0.8371741771697998,
    0.822817862033844,
    0.8250771164894104,
    0.8544284105300903,
    0.8433383703231812,
    0.8461563587188721,
    0.8480151891708374,
    0.8420592546463013,
    0.8259114027023315,
    0.8295611143112183,
    0.8335838317871094,
    0.8369504809379578,
    0.8271931409835815,
    0.8154641389846802,
    0.8341268301010132,
    0.8509647846221924,
    0.8446983098983765,
    0.8336840271949768,
    0.8371583819389343,
    0.8119453191757202
  ]
}